{"cameraMode":{"drawMode":0,"name":"Shaded","section":"Shading Mode"},"sceneLighting":true,"audioPlay":false,"sceneViewState":{"showFog":true,"showMaterialUpdate":true,"showSkybox":true,"showFlares":true,"showImageEffects":true,"showParticleSystems":true},"in2DMode":false,"pivot":{"x":-2.266040563583374,"y":4.804679870605469,"z":1.1351327896118165},"rotation":{"x":-0.045607998967170718,"y":0.10916658490896225,"z":-0.005016114097088575,"w":-0.992963969707489},"size":11.347187995910645,"orthographic":false}